order;info_de;info_en;artist;title;text_de;text_en;id;insta;website;location
1;;;Andrea Abbatangelo;Project RadioLondon _ Harare ;Andrea Abbatangelos Projekt RadioLondon _ Harare  besteht aus einer Reihe von Klangskulpturen und ortsspezifischen Installationen in Simbabwe. Das Projekt wurde im Rahmen von CTG(R): Simbabwe produziert, einem Residenzprogramm, das in Zusammenarbeit mit dem CTG-Kollektiv organisiert wurde. Seine hier gezeigte Installation eines Hochsitzes wurde dann auch gleich von einem anderen Künstler erklettert und als kulturelles Referenzobjekt besetzt. Das Bild dieses Aktes lässt sich vielschichtig interpretieren. Denn es nimmt sowohl auf politische Elemente, als auch auf Elemente der künstlerischen Praxis Bezug und verhandelt unter anderem in den jeweiligen Dimensionen Aspekte von Migration und Integration. Innerhalb dieses Spannungsfeldes hybrider kultureller Identitätsgenese lädt Abbatangelos Arbeit zu einem Moment des Innehaltens ein, der nicht nur auf einem Hochstuhl sitzend, zu einem stillen Abbild einer Welt in Bewegung wird.;Andrea Abbatangelo’s Project Radio London­_Harare consists of a series of sound sculptures and site-specific installations in Zimbabwe. The project was made as part of CT4(R): Simbabwe, a residency programme organized in partnership with the CTG collective. His installation shown here, a high seat, was immediately climbed up by another artist and occupied as a cultural reference object. The image of this act can be interpreted in multiple ways, for it makes reference both to political elements and elements of artistic practice, and negotiates, in the respective dimensions, aspects of migration and integration, among others. Within this tension field of hybrid cultural identity genesis, Abbatangelo’s work invites us to pause for a moment and contemplate not only sitting on a high seat, but also a silent illustration of a world in motion.;02-Andrea-Abbatangelo.jpg;https://www.instagram.com/andreaabbatangelo/;https://andreaabbatangelo.com;[50.952235868,6.9184341052]
2;Auf Gleis 4;On plattform 4;Elizabeth Withstandley;Searching for the Miraculous <br> (Part 2: The Journey) ;Fünf Screens, fünf Filmstills, die zu einem Seherlebnis zusammengesetzt werden. Elizabeth Withstandleys zeigt Filmstills aus ihrer Videoinstallation Searching for the Miraculous (Part 2: The Journey). Die Videoinstallation ist Teil einer Trilogie von Werken, die Bas Jan Anders Projekt In Search of the Miraculous von 1975 als Ausgangspunkt nehmen. In diesem performativ künstlerischen Projekt versuchte der niederländische Künstler Bas Jan Anders im Alter von 33 Jahren, auf einem nicht für Langstreckenfahrten gebauten Segelboot den Atlantik zu überqueren. Sein toter Körper wurde nie gefunden, während die Reste seine Bootes 10 Monate später in Irland anlandeten. Searching for the Miraculous (Part 2: The Journey) verhandelt diese Reise als Einstiegspunkt für eine neue künstlerische Erfahrung. Mit ihrer Arbeit erforscht Elizabeth Withstandley Identität, Zeit, transzendierte Erfahrungen und die romantische Vision einer Suche nach etwas Besserem. Sie arbeitet dazu mit Video, Audio, Musik und skulpturalen Elementen. Ihre  Trilogie beginnt mit einem Kurzfilm, geht dann über in die gemeinsame Reise eines Künstlers und eines Musikers und endet schließlich in einer Sequenz in der ein Glas über das Meer schwimmt.;Five screens, five film stills, put together to form one visual experience. Elizabeth Withstandley exhibits film stills from her video installation Searching for the Miraculous (Part 2: The Journey). The video installation is part of a trilogy of works that takes Bas Jan Ander’s project In search of the Miraculous of 1975 as its departure point. In this performance art project, at the age of 33, the Dutch artist Jan Bas Anders attempted to cross the Atlantic in a sailboat not built for long-haul journeys. His dead body was never found, while the remnants of his boat washed up in Ireland 10 months later. Searching for the Miraculous (Part 2: The Journey) negotiates this journey as the entry point for a new artistic experiential journey. With her work, Elizabeth Withstandley explores identity, time, transcended experiences and the romantic vision of a search for something special. To that end, she works with video, audio, music and sculptural elements. Her trilogy begins with a short film, then transitions into the joint journey by an artist and a musician and ends finally in a sequence in which a glass floats across the sea.;13-Elizabeth-Withstandley.jpg;https://www.instagram.com/e_withstandley;https://www.withstandley.com/index.html;[50.9515746184,6.9165236562]
3;Auf Gleis 3;On plattform 3;Natalia Ershova;Journey to the edge of the room;Natalia Ershovas fotografische Arbeit Journey to the edge of the room zeigt Menschen in ihrer russischen Heimat, die ihre soziale Identität innerhalb ihrer eigenen vier Wände konstruieren. Das Haus kaum verlassend, zu Hause arbeitend, oder unterstützt von Verwandten, leben die Protagonist:innen ihrer Bilder, zurückgezogen. Der Raum in dem sie sich entfalten, soziale Kontakte haben, ist fast ausschliesslich digital. Was steckt hinter diesem Rückzug aus dem öffentlichen Leben? Was steckt hinter dieser selbstgewählten Isolation? Diese Formen der modernen Einsiedelei nehmen in Großstädten weltweit zu. Die Internetabhängigkeit nimmt weltweit zu. Von Menschen umgeben, digital mit ihnen vernetzt und trotzdem vereinsamt. Ein Phänomen unserer Zeit, welches Natalia Ershova in ihren Kaleidoskopen der Einsamkeit einfühlsam thematisiert. ;Natalia Ershova’s photographic work Journey to the edge of the room depicts people in her native Russia who construct their social identity within their own four walls. Rarely leaving the house, working from home, or supported by relatives, her image’s protagonists live reclusively. The space in which they flourish, have social contacts, is almost exclusively digital. What is behind this retreat from public life? What is behind this self-elected isolation? These forms of modern hermithood are growing in cities worldwide. Internet dependency is growing worldwide. Surrounded by people, networked with them digitally and nevertheless isolated. A phenomenon of our times, empathically thematized by Natalia Ershova in her kaleidoscopes of loneliness.;32-Natalia-Ershova.jpg;;;[50.951740606,6.9180137125]
4;Auf Gleis 3;On plattform 3;Bonnita Postma;DIMITRI, from the series<br> ‚me myself and I‘ ;Bonnita Postma verwendet in ihren Collagen gefundene Fotografien von Menschen, die Sie nicht kennt. Das Unpersönliche dieses found footages gibt ihr die Freiheit sich vom Gegenstand zu lösen. Ihn frei zu kombinieren, um zu neuen Bildern, neuen Portraits von Menschen zu kommen, deren Identitäten nicht an Herkunfts- , Zeit- oder Geschlechtsstereotypen gebunden sind. Ihres Kontextes enthoben und neu arrangiert, zeigen sich die Protagonist:innen ihrer Assemblagen, divers, bunt, verletzlich und damit angenehm universell. ;In her collages, Bonnita Postma uses found photographs of people she does not know. The impersonality of this found footage gives her the freedom to detach herself from the object. To combine it freely, in order to arrive at new images, new portraits of people whose identities are not bound to origin, time or gender stereotypes. Lifted from their context and rearranged, the protagonists in her assemblages present themselves as diverse, colourful, vulnerable and thereby palatably universal.;05-Bonnita-Postma.jpg;https://www.instagram.com/bonnita.postma;http://www.bonnitapostma.nl;[50.9515746184,6.9165236562]
5;Auf Gleis 4;On plattform 4;Samuel Solazzo;Future Remnants of <br> What Has Been ;Das kollektive Gedächtnis ist geprägt von der Art und Weise, wie Geschichte dokumentiert, aufbewahrt, gesammelt und uns im Jetzt präsentiert wird. Durch fotografische Inszenierung, Zugabedokumentarischer Materialien und Rekontextualisierung, gliedert sich vermeintlich Belangloses in einen ganz bestimmten Bilderkanon ein. Eine entsprechende Ästhetik und bestimmte Bildmotive unterstützen die Legitimation, sowie Verortung des fotografischen Materials in einem archäologischen und wissenschaftlichen Kontext. In Solazzos Arbeit Future Remnants of What Has Been eröffnet sich ein fiktiver Möglichkeitsraum, in welchem sich reale und irreale Versatzstücke aufeinander schichten und innerhalb einer Reihe von Erwartungen platziert werden. Seine Arbeit setzt sich aus Fotografien, analogen Papier-Collagen, Screenshots und gefundenen Bildern zusammen.;Collective memory is characterized by the way history is documented, archived, collated and presented to us in the Now. By means of photographic staging, the addition of documentary materials and recontextualization, the apparently trivial becomes an integral part of a very particular pictorial canon. The legitimization and localization of photographic material in an archaeological and scientific context is supported by a corresponding aesthetic and certain visual motifs. In Solazzo’s work future Remnants of What Has Been, a fictitious realm of possibly is opened up in which real and unreal movable set pieces are layered on top of one another and placed within a series of expectations. His work is composed of photographs, analogue paper collages, screenshots and found images.;40-Samuel-Solazzo.jpg;https://www.instagram.com/samuelsolazzo/ ;www.samuelsolazzo.de ;[50.951740606,6.9180137125]
6;Auf Gleis 2;On plattform 2;Galina Bakinova;I touch you;Galina Bakinovas digitale Arbeit I touch you, ist ein hypertaktiles Sinnbild für die Verlagerung unserer sozialen Kommunikation in den digitalen Raum.Was passiert, wenn die tatsächlichen Berührungen nur noch als mentale Konzepte stattfinden, der eigentliche physische Reiz jedoch ausbleibt? Gerade die Hand als Symbol für Berühren und Betasten verkümmert unter diesen Bedingungen in ihrer Funktion als Erkenntnis-, Fortschritts- und Zuneigungsinstrument. Bakinovas Bild wirkt gerade durch die Überbetonung und Digitalität ihres Gegenstands auf diesen Mangel hin und zeigt die physische Sensation des Berührens als solarisierenden digitalen Schimmer in Erinnerung an eine zugewandte, sich die Hand reichende Welt. ;Galina Bakinova’s digital work I touch you is a hyper-tactile allegory of the relocation of our social communication into the digital space. What happens when the actual contacts now only take place as mental concepts, but the actual physical stimulus remains absent? Precisely the hand, symbol of touching and feeling, withers under these conditions in its function as instrument of recognition, progress and affection. Bakinova’s image works towards this lack in the very overemphasis and digitality of her subject, and depicts the physical sensation of touching as a solarizing digital shimmer in remembrance of a caring, hand-extending world.;18-Galina-Bakinova.jpg;https://www.instagram.com/bakinova_art/;;[50.9515906152,6.9180545488]
7;Auf Gleis 1;On plattform 1;Boon Lee;How to cut a cube into sevenths ;Boon Lees Arbeiten konzentrieren sich in den letzten Jahren, unter anderm aus Umweltaspekten, auf wiederverwertbare Materialien und gefundene Gegenstände. Die von Verpackungsmaterial stammenden Pappen kombiniert Boon Lee in seiner Arbeit  How to cut a cube into sevenths zu einem flächigen Werk, das ein würfelförmiges Gebilde zeigt. Die vorhandenen Strukturen aggregiert er mit geschickten Schnitten zu sieben gleichen Teilvolumen, die die Illusion dieses Körpers erzeugen. Des Weitern verdichtet und dekontextualisiert er die angeschnittenen kommerziellen Zeichen und Logos des Verpackungsmaterials zu einem vielschichtigen, die Mechanismen der Werbung zersetzenden, Kunstwerk mit hoher illustrativer Qualität.;In recent years, among other things, Boom Lee’s works have been focused, under environmental aspects, on recyclable materials and found objects. In his work How to cut a cube into sevenths, Boom Lee combines the cardboard items originating from packaging material into a planar work that exhibits a cube-shaped construct. With skilled cuts, he aggregates the existing structures into seven identical partial volumes, which generate the illusion of this body. Further, he condenses and decontextualizes the cut-into commercial symbols and logos on the packaging material to form a complex artwork of high illustrative quality that subverts the mechanisms of advertising.;06-Boon-Lee.jpg;https://www.instagram.com/leeboonying;;[50.9514332237,6.9165692804]
8;Auf Gleis 1;On plattform 1;CORINNE FHIMA;EVE ❤ SPORT (Eve loves Sport);Eve is everywhere. Corinne Fhima erschafft eine surreale Welt rund um den weiblichen Körper. Mit ihrem Alter Ego Eve schreibt sie sich in die unterschiedlichsten Kontexte ein. Collagiert, performed, infiltiert den öffentlichen Raum. In ihrer Arbeit EVE LOVES SPORT zeigt Eve sich als überperformende Nummer eins, die in der sauberen Welt des Sports aller Männlichkeit problemlos trotzt. Eves weiblicher Körper wird zur Superwoman-haften Groteske und verstellt die sie umgebenden Protagonisten zu Statisten ihrer eigenen kapitalistischen Inszenierung. Sie entlarvt mit ihrer eigenen Überinszenierung die eigentliche Inszenierung als absurdes Spektakel einer auf Unterhaltung und Makellosigkeit getrimmten kommerziellen Scheinwelt. ;Eve is everywhere. Corinne Fhima creates a surreal world around the female body. She inscribes herself into the most diverse array of contexts with her alter ego Eve. She collages, performs, infiltrates the public space. In her work EVE LOVES SPORT Eve shows herself as an over-performing number 1, effortlessly defying all masculinity in the pristine world of sport. Eve’s female body becomes a Superwoman-like grotesque and distorts the protagonists surrounding her into extras in her own capitalistic staging. With her own excessive staging she exposes the actual staging as an absurd spectacle of a commercial world of make-believe trimmed for entertainment and impeccability.;09-Corinne-Fhima.jpg;https://www.instagram.com/corinnefhima/;https://www.corinnefhima.com;[50.9515906152,6.9180545488]
9;Auf Gleis 2;On plattform 2;Oona Nelson <br> & Anna Noelle Rockwell;Ort Project: Eat the Rich ;Ort Project ist die kollaborative Vereinigung der Künstlerinnen Oona Nelson und Anna Noelle Rockwell. Ihre üppigen Installationen, Fotografien und interaktiven Gesten erforschen und kritisieren Aspekte des Konsums, des Überflusses und des moralischen Verfalls. Ihr Bezugspunkt ist der Tisch, als Ort des Speisens und Repräsentierens, den sie als Bühne für Ihre ephemeren Installationen und Fotografien von Essbarem und Ungenießbarem im Stile des malerischen nature morte tableaux inszenieren. In ihrer Arbeit thematisiert Ort alle Aspekte und Implikationen die mit Lebensmitteln in Zusammenhang gebracht werden können. Sie überbetonen bewußt das Giftige, Gefräßige, Hedonistische und nutzen diese Aspekte als verführerische Kritik an gesellschaftlichen Einstellungen und deren kollektiven Gefahren. Ihre Arbeiten sind ein Schmelztiegel aus kunstgeschichtlichen Einflüssen, zeitgenössischen Strömungen wie Dekadenz, Bequemlichkeit und den daraus resultierenden Wert- und Umweltsystemen. Grotesk aber beautiful. Alles eine Frage des Geschmacks! ;Ort Project is the collaborative union of artists Oona Nelson and Anna Noelle Rockwell, whose lush installations, photographs and interactive gestures explore and critique aspects of consumption, abundance, and decay. Their point of reference is the table, a site of dining and display, which they use as a staging platform for painterly nature morte tableaux in which the artists create ephemeral installations and photographs of edible and inedible subjects. Their work takes on the implications of food beyond that of nourishment: instead, ORT marinates the more insidious, but visually rich implications – poisonous, gluttonous or hedonistic – to offer intoxicating critiques of social attitudes with collective perils. Within their work Ort blends the influence of art history, the contemporary cult of convenience and abundance, along with the corresponding environmental threats and distorted value systems, into uncommon balances of the grotesque and the beautiful.;36-Oona-Nelson_Anna-Noelle-Rockwell.jpg;https://www.instagram.com/ortproject/;https://www.ortproject.com;[50.9514332237,6.9165692804]
10;Am Aufgang zum Gleis 1/2;Staircase to platform 1/2;Chai Mi;A’s Fables;Seit Anfang 2015 ist das Fotografieren und Beobachten der Stadt sowie der Lebewesen, die sie bewohnen, für Chai Mi zu einer zwangsläufigen Gewohnheit geworden. In einer selbst erstellten Datenbank mit Videos und Bildern, die sie in Zoos auf der ganzen Welt aufgenommen hat, sucht sie Bilder heraus, die einen nachdenklich stimmen, fügt schwarze Balken hinzu, die die Gesichter der Tiere in den Bildern bedecken. Damit durchbricht sie die bestehende Ordnung des Betrachtens, und verstärkt durch den Akt des Anonymisierens das Befremden an dem ohnehin schon fragwürdigen Konzept, wilde Tiere als Ausstellungsobjekte für unser Freizeitvergnügen zu missbrauchen. Seit 2018 begann Chai Mi damit Aesops Fabeln zu lesen und zu modifizieren. Sie  kombiniert diese veränderten Texte in Ihrem Projekt A’s Fables mit Ihren Zoo-Fotografien. Sie bietet mit diesen Kombinationen eine vollkommen neue Lesart ihrer Motive an.;Since early 2015, taking photographs of and observing the city plus the life forms that inhabit it has become a compulsive habit for Chai Mi. In a self-created database comprising videos and images she has taken at zoos across the world, she seeks out images that make us reflect, adding black bars to cover the animals’ faces in the pictures. In doing so she breaks through the existing order of beholding, and through this anonymizing act she amplifies the alienation in the in any case questionable concept of misusing wild animals as exhibits for our leisure pursuits. Chai Mi has been reading and modifying Aesop’s fables since 2018. In her project A’s Fables she combines these altered texts with her 300 photographs. With this combination, she offers an entirely new way of interpreting her motifs.;07-Chai-Mi.jpg;https://www.facebook.com/chaimiart/;http://chaimiart.com/artist-info/;[50.9513051057,6.9157055823]
11;Auf dem Parkplatz;On the parking lot;Alina Rybacka-Gruszczyńska;Stay in touch ;In Alina Rybacka-Gruszczyńskas Arbeit stay in touch wird die Hand zum Mittelpunkt des Universums. Als Symbol für Nähe und Berührung, dreht sich in den Koordinaten ihres persönlichen Bezugssystems alles um das Greifbare, Berührbare im Feld des Zwischenmenschlichen. In diesem Feld werden die um die Hand kreisenden kosmischen Elemente ihres strahlendurchflutenden grafischen Arrangements zur symbolischen Referenz einer nachvollziehbaren ewigen Sehnsucht nach Freundschaft und sozialen Beziehungen. In Zeiten von Covid auch ohne direkten Kontakt. ;In Alina Rybacka-Gruszczyńskas work stay in touch, the hand becomes the epicentre of the universe. As a symbol of closeness and touching, in the co-ordinates of her personal reference system everything revolves around the tangible, touchable in the field of the interpersonal. In this field, the cosmic elements, orbiting the hand, of her radiant graphic arrangement become the symbolic reference to an understandable eternal longing for friendship and social relationships. In times of Covid, even with no direct contact.;01-Alina Rybacka-Gruszczynska.jpg;https://www.instagram.com/alina_maria_r/;https://www.alinarybacka.online/experiments;[50.9500308239,6.9161381386]
12;Auf dem Parkplatz;On the parking lot;Xavier Segers;Good Luck;Was würde uns das Covid-Virus sagen, wenn es zu uns sprechen könnte. In Xavier Segerstypografischer digitaler Mixed-Media-Arbeit Good Luck verstellen die besten Wünsche ihre eigentliche Absicht. Spielerisch, in bunten Farben, werden seine Bakterienkulturen vom Virus befallen, zum ironisch typomorphen Dechiffrierapparat für die schicksalhaften Einschreibungen, die mit einer Epidemie verbunden sind. ;What would a Covid virus say to us, if it could speak to us. In Xavier Segers’ typographic digital mixed media work “Good Luck”, the best wishes disguise their actual intent. Playfully, in vivid colours, his bacteria cultures are infested by the virus, become a typomorphous deciphering apparatus for the portentous inscriptions associated with a pandemic.;44-Xavier-Segers.jpg;https://www.instagram.com/the_last_dodo/;https://thelastdodo.be;[50.9498238267,6.9156397507]
13;Auf dem Parkplatz;On the parking lot;Gabriel Gauffre;Havel in Akre;Haval hat sein Dorf auf dem Land in der Nähe von Slemani im irakischen Kurdistan verlassenals er 12 Jahre alt war. Nachdem er sein Leben als Hirte verbracht hat, arbeitete er als Reinigungskraft in einem Krankenhaus. Anschließend wandte er sich dem Glauben zu und wurde Imam. Einige Jahre später hat er sich von der Religion abgewandt. Zur Zeit arbeitet er sowohl für die Armee als auch für Journalisten im Land als Übersetzer. Gabriel Gauffres Bild ist Teil seines dokumentarischen Projektes Başȗr, einer Region im irakischen Kurdistan.  ;Haval left his village in the country near Slemani in Iraqi Kurdistan when he was 12 years old. Having spent his life as a shepherd, he worked as a cleaner in a hospital. After that, he turned to faith and became an imam. A few years later, he turned away from religion. Currently he is working as an interpreter for both the army and journalists in Iraq. Gabriel Gauffre’s image is part of his documentary project Başȗr, a region in Iraqi Kurdistan. ;17-Gabriel-Gauffre.jpg;https://www.instagram.com/gabgauff/ ;https://www.gabrielgauffre.com;[50.9498094634,6.9156843424]
14;Auf dem Parkplatz;On the parking lot;Kseniia Antipina;Self-isolation box;Living in a box. Kseniia Antipinas Arbeit formuliert zwar Grenzen, die als solche auch in den Zeiten der Covid-19 Pandemie real erlebbar waren, verortet diese aber in einer Umgebung voller Wachstum und Hoffnung. In ihrer symbolisch zu betrachtenden Box, eingebettet in einem Meer aus Pflanzen, auf sich selbst zurückgeworfen zu sein, begreift Sie auch als Möglichkeit zur Kontemplation und Auseinandersetzung mit den eigenen Bezugsystemen. Diese zu hinterfragen, neu zu justieren oder einfach nicht als selbstverständlich zu erachten, ist Teil Ihrer Bildkonzeption.;Living in a box. Though Kseniia Antipina’s work formulates boundaries, which can be really experienced as such even in these times of the Covid-19 pandemic, it locates them in an environment full of growth and hope. In her box, to be regarded as symbolic, incorporated into a sea of plants, she comprehends being thrown back on oneself as an opportunity to contemplate and examine one’s own reference systems. Questioning, readjusting or simply deeming these not self-evident is part of her visual concept. ;29-Kseniia-Antipina.jpg;https://www.instagram.com/germenevtika;;[50.9497820072,6.9157446921]
15;Auf dem Parkplatz;On the parking lot;Harine Suthan;Handzahm I ;Suthans Arbeiten entstehen mit dem »Apple Pencil« auf dem iPad Pro. Der digitale Ansatz ist da von Relevanz, wo er mit dem Inhalt zur Deckung kommt, zum Kommentar des gezeigten Sujets wird. Das hilflose Küken in der menschlichen Hand rechtfertigt diese Form. Denn unser Bild eines Kükens ist nicht das eines realen Kükens, sondern das eines Screenkükens. Es taucht nur noch als Produkt unsere datengetriebenen, automatisierten, sterilen Agroindustrie auf und wird in den Medien als negatives Sinnbild dieser Prozesse verwirtschaftet. Dementsprechend greift Suthan genau zum richtigen Medium und setzt das Küken als Schutzbedürftiges in die Hände Ihrer Züchter.Die überdenken am besten Ihr Verhältnis zum Tier und nehmen es sorgsam an, als das was es ist. Ein Lebewesen und kein Produkt.  ;Suthan’s works are created using the “Apple Pencil” on the iPad Pro. The digital approach is of relevance where it is congruent with the content, becomes a comment on the subject depicted. The helpless chick in the human hand justifies this form. For our picture of a chick is not that of a real chick but that of a screen chick. It appears merely as a product of our data-driven, automated, sterile agro- industry and is exploited in the media as a negative symbol of these processes. Accordingly, Suthan has recourse to exactly the right medium and places the chick as a needer of protection into the hands of its raisers. They are well advised to think about their relationship with the animal and protectively accept it as what it is. A living creature and not a product.;19-Harine-Suthan.jpg;https://www.instagram.com/harine.su/;;[50.9497656368,6.9157917984]
16;;;CargoCult;sleeping beauty encyclopedia, <br> centerfold-display ;CargoCult formierte sich 2012 als Künstler:innenkollektiv in Berlin innerhalb einer arbeitsmarktpolitischen Maßnahme, welche die Eingliederung von Arbeitslosen zum Ziel hatte und hauptsächlich Frauen mit Migrationshintergrund einschloss. Als Kollektiv entwickeln sie ortsspezifische Projekte und ergründen utopisch visionäre Modelle der künstlerischen Praxis, z.B. mit dem Generieren einer eigenen Enzyklopädie. Die hier gezeigte Arbeit Display/Centerfold zeigt eine Doppelseite aus Ihrer sleeping beauty encyclopedia, ein in immer neuen Aussagen erscheinendes Kunstwerk, welches vorhandene Wissenskreise durchbricht und Dingen, die in CargoCults ortsspezifischen Projekten im Prozess stehen, selbst zu einem Kunstwerk zu werden, zu einer eigenen enzyklopädischen Repräsentanz verhilft. ;CargoCult formed as an artists’ collective in Berlin in 2012, in response to an employment market policy measure which aimed at integrating the unemployed and chiefly included women with a migration background. As a collective, they develop location-specific projects and sound out utopistically visionary models of artistic practice, by generating their own encyclopaedia, for example. The work shown here, Display/Centerfold, shows a double page from their sleeping beauty encyclopedia, an artwork published in repeatedly new statements which breaks through existing knowledge circles and helps objects that are part of the process in CargoCult’s location-specific projects to become artworks themselves, to become their own encyclopaedic representation. ;03-CargoCult.jpg;https://www.instagram.com/blogcargocult/;www.cargocult.de ;[50.9510391854,6.9172956795]
17;;;Dane Palmieri;your wounds are showing ;Ab hier folgst du der Ludolf-Camphausen-Straße bis du die Vogelsanger Straße kreuzt und direkt die ersten Plakate siehst.;Your wounds are showing is part of an ongoing project on the meaning of objects and their preservation. Palmieri’s digital collage consists of nine detailed views of a reproduction plaster Virgin and Child from the 20th century, which is ascribed to Antonio Rossellino. Palmieri inherited this plaster cast. Therefore, the work is also an examination of his personal inheritance and of the inheritance of culture in general. Highlighted in green are cracks and damage, traces of constant repairs and adjustments. These lifelong inscriptions not only document this object’s perpetual fragility, but also demonstrate the effort and commitment that go into preserving culturally relevant objects.;11-Dane-Palmieri.jpg;https://www.instagram.com/dane_palmieri;http://www.da-palmieri.com/inform;[50.9510227227,6.9173411094]
;;;;Venloer Str./ Gürtel;Die nächste Station ist der Hans-Böckler-Platz/Bahnhof West. Nimm die U3 (Richtung Thielenbruch) oder die U4 (Richtung Schlebusch). Mit dem Fahrstuhl oder über die Treppen kommst du hoch auf die Straße.<br> Ab hier folgst du der Ludolf-Camphausen-Straße bis du die Vogelsanger Straße kreuzt und direkt die ersten Plakate siehst. ;The next station is Hans-Böckler-Platz/Bahnhof West. You can take either the U3 (direction Thielenbruch) or the U4 (direction Schlebusch). Once you arrived, take the elevator or use the stairs to get up to the street. <br> From here, follow Ludolf-Camphausen-Straße until you cross Vogelsanger Straße and see the first posters right on spot.;venloer;;;[50.950032, 6.916579]
18;;;Nikos Staikoglou;metamorphosis ;Nikos Staikoglous Fotografie metamorphosis ist Teil seiner Serie ena pros dio, die sich mit dem unter Massentourismus leidenden Landstrich Chalkidhiki in Nord Griechenland beschäftigt. Seine Aufnahmen entstehen ausserhalb des Zeitraums des Ein- und Befalls der Region durch Tourist:innen. Dieser saisonale Winter- und Herbstzugriff auf die Landschaft führt Ihn immer wieder zu Motiven, die Aspekte der vorübergehenden Gebrauchslosigkeit fokussieren. In Winterruhe befindlich, verharren auch die eingehüllten Bäume als stille Landmarken Ihres überstrapazierten Gebrauchs. ;Nikos Staikoglou’s photograph metamorphosis is part of his series ena pros dio, which deals with the heavily tourism-burdened area of Chalkidhiki in northern Greece. His shots are taken outside the period when the region faces an onslaught of tourists. This seasonal winter and autumn access to the landscape repeatedly leads him to motifs that focus on aspects of temporary disuse. Finding themselves in winter repose, even the shrouded trees persist as silent landmarks of their overstrained use.;34-Nikos-Staikoglou.jpg;https://www.instagram.com/n.staik/;https://nikosstaikoglou.com;[50.9432627304,6.9337959588]
19;;;Patricia Paryz;Der Wunsch Vater <br> des Gedankens ;Patricia Paryz ist eine in Hamburg geborene Künstlerin deutsch-polnischer Herkunft. In ihren Arbeiten beschäftigt sich Patricia Paryz einfühlsam mit persönlichen Kindheitserinnerungen, Familienangelegenheiten und den Schwierigkeiten des Aufwachsens zwischen zwei Nationen. Das Porträt Ihres Vaters zwischen zwei Wolken ist Ausdruck des Schwebezustands ihrer gemeinsamen Beziehung. Zwischen den Ländern pendelnd, ist der Vater Bauherr des noch stets unfertigen vermeintlichen Zuhauses, Projektionsfläche der ihn idealisierenden Erinnerungen und das uneingelöste Versprechen, die vereinende Kraft aller Widersprüche zu sein. Auch über Ländergrenzen hinweg. Patricia Paryz ist ein kleines poetisches Meisterwerk gelungen, welches all diese Erwartungs- und Rollenbilder in ganz wunderbarer Weise verwandelt, in ein Bild voller Leichtigkeit, Zuneigung und Nähe und den Verwalter dieser vielen Ebenen zu dem macht was er ist: Ihr Vater.;Patricia Paryz is a Hamburg-born artist of German-Polish origin. In her works, Patricia Paryz deals empathically with personal childhood memories, family matters and the difficulties of growing up between two nations. The portrait of her father between two clouds is the expression of the uncertain state of their mutual relationship. Commuting between the countries, her father is the the builder of the permanently unfinished putative home, the projection surface of memories that idealize him and the unfulfilled promise of being the unifying force of all contradictions. Even across national borders, Patricia Paryz has accomplished a small poetic masterpiece which marvellously transforms all these expectations and role models into an image full of levity, fondness and closeness and turns the custodian of all these different layers into what he is: her father.;37-Patricia-Paryz.jpg;https://www.instagram.com/patriciaparyz/;https://www.patriciaparyz.com;[50.9431469631,6.933415588]
20;;;Natasha Sharma;1 by one;1 by one von Natasha Sharma ist eine ortsspezifische Installation, die versucht, spielerisch zu visualisieren und zu erforschen, wie Navigation und Bewegung, in einer Stadt wie Mumbai in Indien, in der auf jede:n Bürger:in weniger als 1 Quadratmeter öffentlicher Raum entfallen, möglich ist. Ihre begehbare Installation nimmt die Eigenschaften der Enge, des Stapelns, Stopfens, der Dichte und Kompaktheit als Elemente der urbanen Organisation auf, setzt sie aber durch den Gebrauch von weichen, organischen Formen in Kontrast zu der harten urbanen indischen Lebenswirklichkeit. Diese weichen und anpassungsfähigen Formen verhandeln das Bewohnen, Bewegen und Berühren im öffentlichen Raum, als interaktives, soziales und bisweilen dramatisches Erleben von Enge, Anpassung, Einbettung und Ausgrenzung. Natasha Sharmas Arbeit ist entstanden in Zusammenarbeit mit Manush John und Noor Sengupta.;I by one by Natasha Sharma is a site-specific installation that attempts to playfully visualize and investigate how navigation and movement is possible in a city like Mumbai, India, where there is less than 1 square metre of public space for each citizen. Her walk-in installation adopts the properties of confined space, stacking, cramming, density and compactness as elements of urban organization, but contrasts them with the harsh reality of Indian urban life through the use of soft, organic shapes. These soft and adaptable shapes negotiate inhabitation, mobility and contact in the public space, as interactive, social and sometimes dramatic experiencing of constriction, adaptation, integration and exclusion. Natasha Sharma’s work has been created in partnership with Manush John and Noor Sengupta.;33-Natasha-Sharma.jpg;https://www.instagram.com/urban.poetics/;https://www.natashasharma.co;[50.9431219412,6.933657825]
21;;;Emily Weiskopf;Salvage to Salvation (no. 7) ;Emily Weiskopf war 2014 in einen beinahe tödlichen Autounfall verwickelt. Sie erlitt dauerhafte körperliche Einschränkungen und ist seitdem lebenslangen therapeutischen Behandlungen ausgesetzt. In Auseinandersetzung mit diesem Trauma begegnet Sie den Zeugnissen ihrer eigenen Erfahrung. Diese Form der Konfrontation erfordert Mut sich den Unfall anhand anderer zerstörter Autos wieder ins Gedächtnis zu rufen, heißt auch die Bedingtheit und das Gefährdetsein der eigenen Existenz noch einmal zu durchleben. Der seidene Faden, an dem das Leben bisweilen hängt, ist dünn. Mit ihren Innenansichten weist sie genau auf diesen Aspekt der Verletzbarkeit und den daraus eventuell resultierenden Konsequenzen hin und lässt diese zum Ausgangspunkt einer das Leben trotzdem bejahenden Perspektive werden.;Emily Weiskopf was involved in a near-fatal car accident in 2014. She suffered permanent physical impairments and now has to undergo lifelong physiotherapy. In coming to terms with this trauma, she encounters the witnesses of her own experience. This form of confrontation demands courage. Recalling the accident to mind on the basis of other destroyed cars also means living through the conditionality and jeopardized status of one’s own existence once again. The silk thread on which life sometimes hangs is thin. With her interior views, she points precisely to this aspect of vulnerability and the consequences that may arise from it and allows these to become the starting point of a nevertheless life-affirming outlook.;14-Emily-Weiskopf.jpg;https://www.instagram.com/emilyweiskopfstudio/;https://www.emilyweiskopfstudio.com/the-fragility-of-tranquility;[50.9423020546,6.9350827485]
22;;;Wiebke Meischner <br> & Eleonora Arnold;KSV (Karaoke Stock Video) <br> presents... Believe ;Wiebke Meischner & Eleonora Arnold reagieren in ihrer Arbeit bewusst auf die klassische Werbeästhetik im öffentlichen Raum. Die Motivwahl ihrer Karaokevideostills fällt nicht aus versehen auf ein häufiges Werbe- und Plakatmotiv: »Frau isst Eis«. Allerdings ist ihr Ausgangsmotiv auf Grund der Auflösung viel zu klein. Diese technische Imperfektion kombinieren Sie mit einer hyperrealistischen pseudoerotischen Darstellungsweise des Eisessens. Ihre visuellen Botschaften werden nicht subtil verschlüsselt, sondern als zentrale Aussage auf die Fläche gebracht. Diese geraten jedoch in Konflikt mit den als Werbebotschaft eingefügten Lyrics des Karaokesongs. Diese vollkommen aus dem Kontext gerissenen Zeilen werden als vermeintliche Sinnangebote zu Verwirrung stiftenden Subtexten und wirken desorientierend auf die angebotenen visuellen Informationen. Da bleibt man ahnungslos zurück. Soll ich mir jetzt ein Eis kaufen, einen Porno schauen, oder einfach nur – wie im Songtext angedeutet – resignieren vor dem Überangebot an Information? ;In their work, Wiebe Meischner & Eleonora Arnold react consciously to the classic advertising aesthetic in the public space. It is no accident that their choice of motifs from karaoke video stills falls to a frequent advertising and poster motif: “woman eats ice cream”. Their starting motif, however, is much too small due to its resolution. They combine this technical imperfection with a hyper-realistic pseudo-erotic way of depicting the ice-cream-eating. Their visual messages are not subtly cryptic, but brought to the surface as a central statement. They do, however, clash with the karaoke song lyrics inserted in advertising message style. Supposedly providers of meaning, these lines torn totally out of context are turned into confusion-causing subtexts and have a disorienting effect on the delivered visual information. We are left clueless. Now, am I meant to buy an ice cream, watch a porno, or simply, as the song lyrics hint, give up in the face of the overabundance of information.;12-Eleonora-Arnold_Wiebke-Meischner.jpg;;;[50.9424030337,6.9349191338]
23;;;Christian Hiadzi;All and beyond;Christian Hiadzis in kraftvollen Farben gehaltene Malerei ist inspiriert von den menschlichen Erfahrungen die wir erleben: Glück, Schmerz, Angst, Tod. Als empfindsame Wesen müssen wir mit all diesen Erfahrungen umgehen und Sie als Erlebtes in uns integrieren. Das kann mit großen Widerständen verbunden sein, denn gerade negative Erfahrungen lassen sich nur schwer verarbeiten. Die mystische und eindringliche Natur Hiadzis Gemäldes legt jedoch nahe, dass wir in der Lage sind alle Widerstände mit unseren natürlichen Kraftquellen zu überwinden und an all diesen Erfahrungen wachsen können. ;Christian Hiadzi’s boldly coloured painting is inspired by the human experiences we go through: happiness, pain, fear, death. As sensitive beings we are obliged to cope with all these experiences and incorporate them into ourselves as our past. This can be associated with enormous pushback, for precisely negative experiences are hard to process. The mystical and haunting nature featured in Hiadzi’s painting suggests, however, that we are capable of overcoming all the pushback with our natural sources of strength and growing by all these experiences.;08-Christian-Hiadzi.jpg;https://www.instagram.com/christianhiadzi_art;https://www.studiohiadzi.co.uk;[50.9424021916,6.9350284338]
24;Auf dem Parkplatz;On the parking lot;Johanna Berghorn;Mother and Daughter – <br> 80 and 50 years on earth ;In Johanna Berghorns Studie umarmen sich Ihre Mutter und Großmutter. Sie zelebrieren intime Nähe. Eine Nähe die durch die Unbedecktheit Ihrer Oberkörper eine starke physische Präsenz bekommt. Der unmittelbare Blick der Großmutter in die Kamera zieht die:den Betrachter:in zusätzlich in diese Beziehung. Die von dem Bild ausgehende Intimität eröffnet einen anderen Blick auf Weiblichkeit und Schönheit. Johanna Berghorn zeigt Ihre Mutter und Großmutter als zart und gefühlvoll, stark und präsent zugleich. Dieses Foto ist Inspiration für ein neues subjektzentriertes Verständnis femininer Schönheit.;In Johanna Berghorn’s study, her mother and grandmother embrace. They celebrate intimate closeness. A closeness which attains a strong physical presence due to the incongruence of their upper bodies. The grandmother’s direct gaze into the camera draws the beholder into this relationship too. The identity emanating from the image opens an alternative view onto femininity and beauty. Johanna Berghorn depicts her mother and grandmother as tender and sensitive, strong and present simultaneously This photo is the inspiration for a new subject-focused understanding of feminine beauty.;26-Johanna-Berghorn.jpg;https://www.instagram.com/johannaberghorn/ ;https://johanna-berghorn.com ;[50.942128689,6.9347462965]
25;Auf dem Parkplatz;On the parking lot;Jenni Toivonen;Are We There #1;Jenni Toivonen ist eine finnische Fotografin und bildende Künstlerin, deren Projekte Identität, Erinnerung und die Vernetzung von Mensch und Natur untersuchen. Das Bild ist Teil einer fortlaufenden Serie mit dem Titel Are We There. Es zeigt einen Ausschnitt des atlantischen Regenwalds, in den eine Gruppe von Finnen 1929 migrierte, um eine utopische, auf Vegetarismus basierende Gesellschaft, aufzubauen, die in Harmonie mit der Natur leben wollte. In ihrem lichtdurchfluteten Bild spricht die selbe Sehnsucht nach etwas Fernem, Utopischen als Katalysator menschlichen Handelns, das diese Finnen angetrieben haben wird. Ein meist spirituell motivierter Moment, der nur der Spezies Mensch eigentümlich ist. Jenni Toivonens Auseinandersetzung mit dieser Geschichte aktualisiert nicht nur die Notwendigkeit Gesellschaft anders denken zu können, sondern Sie aktualisiert auch die Notwendigkeit Sie anders gestalten zu müssen. Denn kümmern wir uns nicht um die Erhaltung unserer Ökosysteme, wird das Überleben unserer menschlichen Existenz zum nächsten utopischen Projekt: Are We There.;Jenni Toivonen is a Finnish photographer and fine artist whose projects investigate identity, memory and the interconnection of humanity and nature. The image is part of an ongoing series bearing the title Are We There. It shows an excerpt of the Atlantic rainforest into which, in 1929, a group of Finns migrated in order to build up a vegetarianism-based society which intended to live in harmony with nature. The same longing for something distant, utopian as a catalyst of human action, which will have spurred on these Finns, speaks in her light-flooded image. A usually spiritually motivated moment that is peculiar only to the human species. Jenni Toivonen’s examination of this story not only updates the necessity to rethink society, but also updates the necessity to shape it differently. For, if we do not concern ourselves with preserving our ecosystems, the survival of our human existence will become the next utopian project: Are We There;23-Jenni-Toivonen.jpg;https://www.instagram.com/jenvonen/;https://jennitoivonen.com/are-we-there/;[50.9417741522,6.9343434721]
26;Auf dem Parkplatz;On the parking lot;Jeff Che Yeh & Yingheng Huang;all i have to do is <br> (Melting the Solid) ;Jeff Che Yeh und Yingheng Huang erforschen Arbeitspolitik durch Performance und Videoinstallation. Das hier gezeigte Motiv ist ein Screenshot ihres Videoprojekts mit dem Titel  all i have to do is. Sozialisiert mit Cartoons wie Three little pigs, in denen das Schwein  stellvertretend für den produktionsgetriebenen menschlichen Körper steht, begannen Sie das Verhältnis des menschlichen Körpers in Bezug auf seine inhaltliche und funktionale Ausrichtung für kapitalistische Zwecke, an Hand dieser anthropomorphen Strukturen in Zeichentrickfilmen, zu untersuchen. Diese medienkritischen Überprüfungen übertragen Sie in ihre Pig-Performance. Sie brechen dort mit den konditionierenden kapitalistischen Darstellungsformen, schaffen Chaos und wirken so der Assimilation durch eingefahrene Narrative von Produktivität und Uniformität entgegen. ;Jeff Che Yeh and Yingheng Huang investigate labour policy by means of perform­ance and video installation. The motif exhibited here is a screenshot of their video project bearing the title all i have to do is. Socialized with cartoons like Three Little Pigs, in which the pig stands as proxy for the production-driven human body, they began to examine the relationship of the human body in reference to its substantial and functional focus for capitalistic purposes, on the basis of these anthropomorphic structures in animated films. They transpose these media-critical examinations to their pig performance. There, they break with the conditioned capitalistic forms of representation, wreak havoc, and thus counteract assimilation by means of habitual narratives of productivity and uniformity. ;22-Jeff-Che-Yeh_Yingheng-Huang.jpg;https://www.instagram.com/che.yeh/ https://www.instagram.com/shi.wu.ai/;https://cheyeh.com/About;[50.9414548825,6.9338570319]
27;;;Uschi Groos;Inspirational Frequencies ;Uschi Groos folgt in Ihrer Serie Inspirational Frequencies den Spuren des und der Aussergewöhnlichen und den Quellen des Besonderen. Auf der Suche nach Sinn, Unsinn, rationaler Entlastung und irrationaler Verdichtung, übt sie sich in Betrachtungen von Personen, Umgebungen und deren identitätsstiftenden Potentialen auf der Insel Gomera. Dem Zufluchtsort für Verweigernde mechanistischen Denkens. Hier: Christian/Autor/Spanien ;In her series “Inspirational Frequencies”, Uschi Groos follows the traces of unusual persons and the sources of the special. In search of sense, nonsense, rational unburdening and irrational densification, she practises herself in observations of people, surroundings and their identity-establishing potentials on the island of Gomera. Here: Christian/Author/Spain;43-Uschi-Groos.jpg;https://www.instagram.com/uschigroos/;www.ugroos.de ;[50.941930661,6.9354227185]
28;;;Tomas Bachot ;Jarablus, Syria, October 2015, <br> Map data - Google, Instant <br> Street View ;Tomas Bachot wird in seiner Arbeit Syria 2.0 zum Analysten eines Bildarchivs, welches sich außerhalb westlicher Wahrnehmungsstrukturen befindet. Er beschäftigt sich mit von syrischen Staatsbürger:innen auf Google Maps veröffentlichten 360-Grad-Bildern. Unser Bildvokabular aus solchen Krisenregionen ist von Leitmedien geprägt und entsprechend visuell auf den Topos der Krise fokussiert. Bachot erweitert in seiner Arbeit den visuellen Kanon, zeigt andere Lebenszusammenhänge, die intim, still und bisweilen auch humoristisch als Tore für eine bessere Zukunft dienen. Sein selektiver Zugriff auf diese Bildwelt engt nicht ein, sondern erweitert über den Umweg der Kunst das Bewusstsein sowohl für die Krise als auch die Notwendigkeit Ihres Endes.;In his work Syria 2.0, Tomas Bachot analyses a visual archive which is located beyond western perceptual structures. He is occupied with 360 degree pictures posted on Google Maps by Syrian citizens. Our visual vocabulary from such crisis regions is formed by the leading media, and accordingly is focused visually on the topos of the crisis. Bachot expands the visual canon in his work, depicts alternative life circumstances which intimately, silently and occasionally also humorously serve as portals towards a better future. His selective access to this visual world is not restrictive, but via the detour of art broadens awareness of both the crisis and the necessity for it to end.;42-Tomas-Bachot.jpg;https://www.instagram.com/tomasbachot/;https://tomasbachot.com;[50.9419074223,6.9353972375]
29;;;Costanza Brandizzi;Grilled octopus, tsitsiravla, <br> sea bass fish,fried melanzani <br> and potatoes ;Die Fotografie Grilled octopus, tsitsiravla, sea bass fish, fried melanzani and potatoes von Costanza Brandizzi entstand an einem Abend im August 2020 in Griechenland, Pilion. Zu sehen sind zwei Personen und die Reste eines Abendessens, dass zu dritt verzehrt wurde. Der Ausschnitt soll den Akt des gemeinsamen Essens als subjektives Erlebnis einer sinnlichen Erfahrung und den kollektiven und gemeinschaftlichen Aspekt daran zelebrieren. Die Kameraperspektive ist auf Augenhöhe mit den am Tisch sitzenden Personen und lädt jede:n Betrachter:in ein, den Platz der dritten Person einzunehmen und selber Teil dieser Erfahrung und dieses Abends zu werden.;The photographic Grilled octopus, tsitsiravla, sea bass fish, fried melanzani and potatoes by Costanza Brandizzi was created one evening in August 2020 in Greece, Pilion. On view are two people and the remnants of a dinner that has been consumed in a trio. The snippet is intended to celebrate the act of eating together as a subjective experience of a sensory event and the collective and collaborative aspect of this. The camera perspective is at eye level with the people sitting at the table and invites every beholder to take the third person’s seat and themselves become part of this experience and evening.;10-Costanza-Brandizzi.jpg;https://www.instagram.com/costanza_brandizzi/;;[50.9402576599,6.9322779961]
30;;;Klaus Frahm;4409 W. Pico Blvd., <br> Los Angeles, 2019 ;Billboard auf Billboard. Klaus Frahms Motiv aus seiner Serie Twentysix Billboards, die er 2019 in Los Angeles fotografierte, zeigt nicht das Billboard in seiner eigentlichen Charakteristik, sondern eine Rückansicht. Er akzentuiert entsprechend das Gestell auf dem die eigentliche Fläche montiert ist. Diese Perspektive erlaubt Ihm nicht nur den Sinn dieser Konstruktion offen zu lassen, sondern diese auch in Gänze in Frage zu stellen. Mit seinem »verkehrt« typologischen Blick wendet er sich bewusst von den laut schreienden Inhalten ab und der zu infiltrierenden Umgebung zu. Ob die Lust auf Reklame hat?;Billboard on billboard. Klaus Frahm’s motif from his series Twentysix Billboards, which he photographed in Los Angeles in 2019, portrays not the billboard as it actually appears to us, but a rear view of it. This perspective allows him not only to leave the meaning of this construction open, but also to question it entirely. With his “kooky” typological gaze he consciously turns away from the shrill content and towards the surrounding area to be infiltrated. Will the surroundings welcome the ads?;28-Klaus-Frahm.jpg;https://www.instagram.com/klaus.frahm/;https://klaus-frahm.de;[50.9403195637,6.9320062548]
31;;;Andres de Varona;To See Myself Alive;Die fotografische Arbeit To See Myself Alive von Andres de Varona zeigt Marcia Reifman, die an Krebs erkrankt war und sich wieder aus dem Schatten, den diese Krankheit auf das Licht des Lebens wirft, befreit hat. Eine Befreiung ohne Gewinner. Die menschliche Existenz und die mit ihr verbundenen Erfahrungen, von Leid und Todesangst, Heilung und Prüfung werden zum Gegenstand von de Varonas Motiv. Die symbolische Umsetzung dieses Themas gelingt ihr geradezu »atemberaubend«. Alles an diesem Motiv zieht einen mit in das sonnenbestrahlte Erdreich. Zieht ein mit in die psychischen Untiefen, die die Auseinandersetzung mit dem Tod bedeuten. De Varona zeigt ein außergewöhnliches, sowohl menschliches als auch bildnerisches Verständnis für die Direktheit und Brutalität dieser die Existenz gefährdenden Lebensumstände. ;The photographic work To See Myself Alive by Andres de Varona depicts Marcia Reifman, who was ill with cancer and freed herself from the shadow cast on the light of life by this disease. A liberation with no winners. Human existence and the experiences associated with it, of suffering and mortal fear, healing and ordeal, become the object of de Varona’s motif. The way de Varona succeeds in symbolically realizing this theme is downright “breathtaking”. Everything about this motif draws us into the sunlit soil. Draws us into the psychic shoals that signify confrontation with death. Da Varona exhibits an extraordinary, both human and creative understanding for the directness and brutality of these existence-endangering life circumstances.;04-Andres-de-Varona.jpg;https://www.instagram.com/andres.deva/;https://www.andresmario.com/contact;[50.9404489648,6.9316835515]
32;;;Freya Hattenberger;STELL DIR VOR, ES IST <br> LOCKDOWN UND ALLE <br> POSTEN YOGA-VIDEOS;In Freya Hattenbergers Arbeit STELL DIR VOR, ES IST LOCKDOWN UND ALLE POSTEN YOGA-VIDEOS werden Körpererfahrungen und emotionale Zustände während der Selbstisolation in Bildsprache übersetzt. Hattenberger geht es dabei um den Rückkopplungseffekt und die Erfahrung eines Drinnen und Draussen: Sie möchte öffentlich machen, was als internes System wirkt. Die Übergänge vom Öffentlichen ins Private sind mit der medialen Durchdringung des Alltags durchgängiger denn je. Formal stellt die Arbeit Typologien des Körpers dar und unterstreicht seine Zeichenhaftigkeit. Der Körper kommuniziert performativ mit dem Stadtraum und tritt in einen neuen Dialog. Die Sloganhaftigkeit der »Selbsterleuchtung« ist von ihrem vermeintlich spirituellen Kontext gelöst und wird dadurch als neoliberale Plattitüde lesbar.;In Freya Hattenberger’s work “Imagine it’s Lockdown and everyone is posting yoga-videos”, physical experiences and emotional states during self-isolation are translated into visual language. Hattenberger’s concern along the way is the feedback effect and the experience of an inside and outside: she intends to publicize what functions as an internal system. The transitions from the public to the private are more continuous than ever with the media pervasion of everyday life. Formally, the work depicts typologies of the body and underlines its symbolism. The body communicates performatively with the urban space and enters into a new dialogue. The slogans of “self-enlightenment” are detached from their allegedly spiritual context and become legible as neoliberal platitudes as a result.;16-Freya-Hattenberger.jpg;https://www.instagram.com/freya_hattenberger;www.freyahattenberger.de ;[50.9405502671,6.9317670353]
33;;;Kehan Lai;Undulation #2 ;Kehan Lai untersucht in seiner fotografischen Arbeit Undulation die Beziehung zwischen dreidimensionalem Raum und zweidimensionaler Abbildung. Dazu baut er aus geschredderten und zerschnittenen Fotografien, die er wieder auf lasergeschnittenen Holzelementen fixiert, neue Konstruktionsschichten auf. Die von Ihm angefertigten dreidimensionalen Fotoelemente arrangiert er räumlich so, dass sie die visuelle Sphäre auf Ihre Dimension hin befragten und unsere Wahrnehmung auf die Probe stellt. Seine komplexen Arrangements fotografiert Lai erneut und setzt Sie somit zurück in die zweidimensionale Sphäre eines fotografischen Abzugs. Dieses alternierende Spiel mit den Dimensionen beherrscht er gekonnt. Durch seinen geschickten Einsatz von Farbe und Form steigert er die Kontrastspannung und die damit verbundene Tiefenwirkung. Einmal eingetaucht in den Kosmos seiner Farb- und Raumwelt, kann man dem Sog seiner geometrischen Konstruktionen kaum entkommen.;In his photographic work Undulation, Kehan Lai investigates the relationship between three-dimensional space and two-dimensional depiction. To that end, he builds new structural layers out of shredded and cut-up photographs, which he glues back onto laser-cut wooden elements. He arranges the three-dimensional photo elements he produces so that they query the dimension of the visual sphere and put our perception to the test. Lai re-photographs his complex arrangements and thereby restores them to the two-dimensional sphere of a photographic print. He skilfully masters this alternating game with the dimensions. Through his deft use of colour and shape, he heightens the tension of contrast and the associated effect of depth. Once one is immersed in the cosmos of his chromatic and spatial world, there is almost no escaping the pull of his geometric constructions. ;27-Kehan-Lai.jpg;https://www.instagram.com/kehanff/;https://kehanlai.com/INFO;[50.9404504437,6.9321281277]
34;;;Sabine Hertig;Ohne Titel, 2013;Das künstlerische Medium von Sabine Hertig (*1982, Schweiz) ist die analoge Collage. Seit nunmehr 10 Jahren sammelt sie obsessiv Bilder aus klassischen Printmedien und sucht neue Bildzusammenhänge. Diese künstlerische Aneignung bedeutet für sie Verfremdung und Bewahrung zugleich: »Es ist die Faszination am Bild an sich, die mich antreibt, mich in diesen Bilderfluss zu begeben und auf ihn zu reagieren. Es ist auch der Versuch, den historischen, archivierten Bildern wieder einen Wert zurückzugeben, indem sie in ein neues Ganzes eingebunden und damit in eine Zeitgenossenschaft geführt werden.«;The artistic medium of Sabine Hertig (*1982 in CH) is analogue collage. For 10 years now she has been obsessively collecting images from traditional print media and seeking new visual nexuses. To her, this artistic appropriation signifies alienation and preservation simultaneously: “It is fascination with the image in itself that drives me to enter this flow of images and react to it. It is also the attempt to restore value to the historical, archived images by incorporating them into a new whole and hence leading them into contemporaneity.”;39-Sabine-Hertig.jpg;https://www.instagram.com/sabinehertig_/;www.sabinehertig.ch ;[50.9403735425,6.932409592]
;;;;Hans-Böckler-Platz;Die nächste Station ist der S-Bahnhof Hansaring. Fahr ab Hans-Böckler-Platz/Bahnhof West mit der U3 (Richtung Thielenbruch), U4 (Richtung Schlebusch) oder U5 (Richtung Heumarkt) zum Friesenplatz. Von dort mit der U12 (Richtung Niehl) oder mit der U15 (Richtung Chroweiler) bis zum Hansaring. <br>Hier geht hoch auf die Straße und dort in die Ritterstraße zum nächsten Plakat.;The next stop is the S-Bahn station Hansaring. From Hans-Böckler-Platz/Bahnhof West, take the U3 (direction Thielenbruch), U4 (direction Schlebusch) or U5 (direction Heumarkt) to Friesenplatz. From there take the U12 (direction Niehl) or the U15 (direction Chroweiler) to Hansaring. <br>Here, you go up the street and cross into Ritterstraße, where you will find the next poster ahead.;hb;;;[50.943284, 6.933427]
35;;;Sascha Bachmann;Hear what you see;Sascha Bachmann lässt in seiner Arbeit Hear what you see Soundfrequenzen sichtbar werden.Diese gehen auf Oszilloskope, Vectrex-Spielkonsolen oder modifizierte Cathode Ray Tubes zurück.Das Bild zum Klang, oder rückverwandelt der Klang zum Bild, wird bei Bachmann zum synästhetischen Spielball der Idee, dass unsere Sinne – analog zu Technik – Sounds visuell und Bilder akustisch übersetzen können. Probieren Sie es selbst! Der bildgenerierende Sound kann mittels QR-Code abgerufen werden. ;In his work “Hear what you see”, Sascha Bachmann makes sound frequencies visible. These are originated by oscilloscopes, Vectra games consoles or modified cathode ray tubes. With Bachmann, the picture of the sound or inversely the sound of the picture is turned into a synesthetic plaything of the idea that our senses, like technology, are capable of translating sounds visually and images acoustically. Try it for yourself. The image-generating sound can be called up via QR code.;41-Sascha-Bachmann.jpg;https://www.instagram.com/hand_tapeloop_music/ ;https://hand-music.com/ ;[50.9495044549,6.9508281536]
36;;;Renée Hendrix;Symbiosis;Dort wo der Mensch Spuren hinterlässt, sind diese von Dauer. In Hendrix subtiler fotografischer Komposition wird dies nicht auf den ersten Blick sichtbar. Die Grenzen zwischen Natur und Kultur sind hier beinahe flüchtig. Der angebotene Raum muss erst durch den Betrachter erkundet werden, bevor sich die Grenzen erschließen, die der Menschen als Referenzraum markiert hat. Das visuell nahezu symbiotische Gefüge ist hier inhaltlich aber eher auf Trennung aus. Das Licht dieser Erkenntnis verpufft hoffentlich nicht im kleinen gasbetriebenen Flämmchen der vorhandenen Zündhilfe.;Wherever humans leave behind traces, these are permanent. This is not visible at first sight in Hendrix’ intricate photographic composition. The boundaries between nature and culture are practically ephemeral here. The offered space must first be explored by the beholder before the boundaries set by humans as reference space are opened up. Here, though, the visually almost symbiotic structure is more directed at division, content-wise. Hopefully, the light of this knowledge will not be blown out in the small gas-driven flame of the ignition aid provided.;38-Renee-Hendrix.jpg;https://www.instagram.com/reneehendrixx/;;[50.9495217753,6.9508735836]
37;;;Ole-Kristian Heyer;Ohne Titel (Möbiusband);Zu den menschlichen Universalien gehört, dass wir den Raum, der uns umgibt, nach bestimmten Kriterien strukturieren und diese Strukturen mental und materiell festhalten. Die Formenmaterieller Darstellung entsprechen den Bedürfnissen und dem Wissen über die Welt. In dieser Arbeit greift Ole-Kristian Heyer auf die Form des Möbiusbandes zurück. Dieses zeichnet sich als nicht orientierbares, einflächiges und zugleich räumlich existentes Objekt aus und fordert die:den Betrachter:in auf, sich in ein wahrnehmungsästhetisches Verhältnis zur Arbeit zu setzen. ;One universal human truth is that we structure the space that surrounds us according to certain criteria and record these structures mentally and materially. Forms of material representation correspond to our needs and knowledge about the world. In this work, Ole-Kristian Heyer has recourse to the shape of the Möbius strip. This becomes apparent as a non-orientable, monoplanar object that simultaneously exists in space, and calls on beholders to place themselves in a perceptual-aesthetic relation to the work.;35-Ole-Kristian-Heyer.jpg;https://www.instagram.com/olekristianheyer/;ole-kristianheyer.de ;[50.9495288513,6.9512987137]
38;;;Jillian Freyer;Healing;Germain hat Schmerzen. Menschen stapeln ihre Hände auf die Stelle ihres Körpers, welche schmerzt. Sie verbinden sich mit Ihr. Berühren Sie. Lindern ihren Schmerz. Die kollektive Energie überträgt sich als heilender Impuls. Gebannt von dieser Energie, wird Jillian Freyer nicht nur zur Dokumentaristin dieses Prozesses, sondern Teil des gesamten Happenings. Das Aufhellende ihres Blitzes und die Subtraktion der Farbe ist ihr Umgang die vorhandenen heilende Energie fotografisch zu spiegeln und in den gezeigten Prozess einfliessen zu lassen.;Germain is in pain. People stack their hands on the part of her body that hurts. They connect themselves to her. Touch her. Relieve her pain. Spellbound by this energy, Jillian Freyer becomes not only the documentarian of this process, but part of the happening as a whole. The brightness of her flash and the subtraction of colour are her means of photographically reflecting the available healing energy and allowing it to flow into the depicted process.;24-Jillian-Freyer.jpg;https://www.instagram.com/jillianfreyer/;https://www.jillianfreyer.com/about;[50.9497755619,6.9520343095]
39;;;Franziska Reinbothe;Ohne Titel ;Als bildende Künstlerin erarbeitet sich Franziska Reinbothe innerhalb der Malereiverschiedene Strategien der Bildfindung. Ihre Ausgangsfrage lautet stets: Was passiert, wenn…? Dabei interessiert sie dasjenige, was für gewöhnlich verborgen bleibt: die Rückseite eines gemalten Bildes und seine Ränder. Um sie sichtbar zu machen, staucht sie Leinwände zusammen, legt Keilrahmen wieder frei oder verzichtet gleich ganz auf sie. Bei Ihrer hier gezeigten Arbeit hat sie nach Beendigung des Malprozesses die Leinwand samt der unteren Keilleiste durch seineigenes Stützkreuz hindurch nach hinten gezogen. Das gemalte Bild stellt damit seinen eigenen Entstehungsprozess zur Schau.;As a fine artist, Franziska Reinbothe elaborates various pictorial invention strategies for herself within painting. Her opening question is always the same: What happens if...? Along the way, she is interested in what normally remains hidden: the back of a painted picture and its edges. To make them visible, she rams canvases together, reveals stretcher frames or dispenses with them entirely. In her work shown here, once the painting process was finished, she pulled the canvas complete with bottom wedge bar back through its own crossed support. The painted picture thereby exhibits its own origination process.;15-Franziska-Reinbothe.jpg;https://www.instagram.com/franziska_reinbothe/;franziska-reinbothe.de ;[50.9498260445,6.952175796]
40;;;Maximilian Koppernock;Fruits Are the Sweetest <br> Before They Rot;Maximilian Koppernocks Foto aus der Serie Fruits are the sweetest before they rot ist Teil einer Sammlung über Unauffälliges aber Schönes. Eine Art Untersuchung des Alltäglichen. Seine assoziativen Kompositionen sind subversiv und lösen Genregrenzen auf. Das hier gezeigte Bild entzieht sich beinahe zwanghaft allen Deutungen und verweigert förmlich den Zugriff auf seinen Inhalt. Wie bei einer Schablone bleiben bloß die Umrisse eindeutig und geben dem phantastischen Rest Kontur. ;Maximilian Koppernock’s photo from the series Fruits are the sweetest before they rot is part of a collection on the inconspicuous but beautiful. A kind of investigation of the mundane. His associative compositions are subversive and dissolve genre boundaries. The image shown here eludes all interpretations almost compulsively, and positively bars access to its content. As with a stencil, only the outlines remain clear, providing the fantastical rest with contour.;31-Maximilian-Koppernock.jpg;https://www.instagram.com/koppernock/;https://koppernock.com/Fruits-are-the-sweetest-before-they-rot;[50.9499428514,6.9520084932]
41;In der Unterführung;In the underpass;Jody Korbach;I need a man to handle my hate ;Meine Liebesbegriffe sind aus Hass. Kannst du mit meinem Hass umgehen? Kann ich mit meinem Hass umgehen, ohne dich? Alles rächt sich irgendwann? Bist du bereit zu ernten, was du sähst? Sind alle Männer gleich? Sind alle Männer Müll? Ist das Hassrede? War ich nicht ein süßes Kind?;My love handles are made of hate. Can you handle my hate? Can I handle my hate without you? What goes around comes around? Are you ready to reap what you sow? Are all men equal? Are all men trash? Is this hate speech? Wasn’t I a sweet child?;25-Jody-Korbach.jpg;https://www.instagram.com/fraukorbach/;jodykorbach.de ;[50.9509282024,6.9571003318]
42;In der Unterführung;In the underpass;Lars Dyrendom;Iceberg;Lars Dyrendoms Arbeit, seiner am dänischen Strand platzierten Motive eines grönländischen Eisbergs, reflektiert u.a. die Beziehung zwischen Dänemark und Grönland. Diese Beziehung hat seit über 300 Jahren kolonialen Charakter und steht sinnbildlich für den Umgang mit unserem Planeten. Der abschmelzende Eisberg wird zum Stellvertreter für die sensiblen Zusammenhänge, die jeglicher Eingriff in natürliche und kulturelle Gefüge hat. Im Schmelzwasser dieser Erkenntnis gelingt es Dyrendom mit seiner Arbeit nicht nur auf den ökologischen Aspekt des Klimawandels aufmerksam zu machen, sondern erschafft mit seiner Installation auch einen Ort der zum Sehen des Unsichtbaren einlädt. ;Among other things, Lars Dyrendom’s work, his motifs of a Greenland iceberg positioned on a Danish beach, reflects the relationship between Denmark and Greenland. This relationship has been colonially characterized for more than 300 years and symbolically represents the way we treat our planet. The melting iceberg is made a proxy for the sensitive nexuses contained in any intervention in the natural and cultural fabric. In the meltwater of this finding, Dyrendom succeeds with his work not only in drawing attention to the ecological aspect of climate change, but with his installation he also creates an enticing place for seeing the invisible.;30-Lars-Dyrendom.jpg;https://www.instagram.com/larsdyrendom/;https://dyrendom.com;[50.9508918727,6.9571063668]
43;;;Ian Caleb Molina Zoller;Specu.nunc I ;Ian Caleb Molina Zollers Tuschearbeit wird dominiert von der Farbe rot. Die Landschaft einer argentinischen Weide versinkt beinahe in diesem Meer aus rot. Gleichzeitig scheint alles energetisch aufgeladen zu sein. Alles scheint mit allem im Austausch zu stehen, Prozesse sichtbar zu werden, die ansonsten im Verborgenen liegen. Als würde man mit einer Wärmebildkamera durch die Welt laufen, um den energetischen Gefügen unserer organischen Welt auf der Spur zu sein. ;Ian Caleb Molina Zoller’s India ink work is dominated by the colour red. The landscape of an Argentinian pasture is virtually submersed in this sea of red. Simultaneously, everything seems to be charged with energy. Everything seems to be in dialogue with everything, processes seem to be visible which otherwise lie hidden. As though one were walking through the world with a thermal-imaging camera, tracing the energy structures of our organic world.;21-Ian-Caleb-Molina-Zoller.jpg;https://www.instagram.com/iancalebmz/;https://www.iancalebmz.com;[50.9504426857,6.9582922136]
44;;;Heidi Almosara;Salt Flats1;Heidi Almosara erkundet öffentliche Räume und Landschaften, um in ihnen Kunst zu machen. In der Kunst des Ikebana geschult, überträgt sie diese japanischen Einflüsse in ihre botanischen Skulpturen. Ihre Skulptur Salt Flat1 ist in Wendover, Utah entstanden. Aus Totholz und Lilien versucht sie die einzigartige Schönheit der Natur mit der Schönheit der Umgebung in Verbindung zu bringen. Sie dokumentiert ihre Skulpturen, um den flüchtigen Moment ihres ephemeren Daseins im sonnenuntergehenden Licht Utahs mit anderen zu teilen. ;Heidi Almosara explores public spaces and landscapes in order to make art in them. Trained in the art of ikebana, she transfers these Japanese influences to her botanic sculptures. Her sculpture Salt Flat I was created in Wendover, Utah. Out of deadwood and lilies she attempts to connect the unique beauty of nature with the beauty of the surroundings. She documents her sculptures, in order to share with others the fleeting moment of their ephemeral existences in Utah’s sunset light.;20-Heidi-Almosara.jpg;https://www.instagram.com/heidialmosara/;https://www.heidialmosara.com/botanicalsculpturesinnature;[50.9504396057,6.9582915036]
